{
  "mean": [
    1.9285714285714286,
    6.214285714285714
  ],
  "scale": [
    0.703489842985436,
    0.41032590332414487
  ],
  "feature_names": [
    "participant_count",
    "deadline_month"
  ]
}